number,count,percent_of_draws
20,115,11.57
34,114,11.47
35,114,11.47
17,113,11.37
21,112,11.27
11,110,11.07
16,109,10.97
49,108,10.87
30,108,10.87
18,107,10.76
23,107,10.76
41,106,10.66
1,105,10.56
8,104,10.46
14,104,10.46
39,104,10.46
13,103,10.36
7,102,10.26
37,102,10.26
46,102,10.26
9,101,10.16
45,101,10.16
4,100,10.06
6,100,10.06
15,100,10.06
43,99,9.96
19,99,9.96
38,98,9.86
29,97,9.76
22,97,9.76
12,97,9.76
47,97,9.76
40,96,9.66
33,95,9.56
32,94,9.46
31,94,9.46
3,94,9.46
2,94,9.46
44,93,9.36
10,93,9.36
42,93,9.36
5,90,9.05
24,90,9.05
26,90,9.05
27,89,8.95
25,88,8.85
50,88,8.85
28,87,8.75
36,87,8.75
48,80,8.05
